{
  "project_info": {
    "project_number": "976402691034",
    "project_id": "projeto-firebase-48ff9",
    "storage_bucket": "projeto-firebase-48ff9.appspot.com"
  },
  "client": [
    {
      "client_info": {
        "mobilesdk_app_id": "1:976402691034:android:99f4cdc2627bf8dbf786e3",
        "android_client_info": {
          "package_name": "com.example.projetofiresase"
        }
      },
      "oauth_client": [
        {
          "client_id": "976402691034-qgtloimg2t421aitspp00snquq3lc4r2.apps.googleusercontent.com",
          "client_type": 3
        }
      ],
      "api_key": [
        {
          "current_key": "AIzaSyAeQODHJkOX-jA84h_4bafBoiI9idkmN5Q"
        }
      ],
      "services": {
        "appinvite_service": {
          "other_platform_oauth_client": [
            {
              "client_id": "976402691034-qgtloimg2t421aitspp00snquq3lc4r2.apps.googleusercontent.com",
              "client_type": 3
            }
          ]
        }
      }
    }
  ],
  "configuration_version": "1"
}